"","date","Bike_total","min-temp","max-temp","niederschlag","bewoelkung","sonnenstunden","LockDown1_Dummy","LockDown2_Dummy","Saturday_Dummy","Sunday_Holiday_Dummy","Pop_Up_Dummy"
"1",2017-11-20,9002,1.9,5.7,1.6,98,0,0,0,0,0,0
"2",2017-06-16,13589,16.2,25.8,0,73,7,0,0,0,0,0
"3",2017-05-09,10037,4.8,11.2,0.5,94,1,0,0,0,0,0
"4",2017-10-26,16248,10,19.8,0,96,8.6,0,0,0,0,0
"5",2017-09-27,15532,9.1,20.4,0,81,4.7,0,0,0,0,0
"6",2017-07-06,24227,17.4,32.1,0,14,12.4,0,0,0,0,0
"7",2017-11-03,9857,3.8,13.1,0,65,1.5,0,0,0,0,0
"8",2017-03-26,9245,3.9,12.7,0,10,9.7,0,0,0,1,0
"9",2017-10-04,14108,6.8,16,0,96,5.1,0,0,0,0,0
"10",2017-11-26,2954,0.5,3.5,1.5,94,0.8,0,0,0,1,0
"11",2017-09-20,10498,8.5,14.5,5.8,98,0.7,0,0,0,0,0
"12",2017-11-25,3426,3,10.6,6,100,0.3,0,0,1,0,0
"13",2017-03-20,10135,8,15.5,0.3,79,3.3,0,0,0,0,0
"14",2017-08-01,20486,17.7,35.8,16.7,25,12.4,0,0,0,0,0
"15",2017-02-06,6302,1.4,3.4,0,100,0,0,0,0,0,0
"16",2017-04-15,4179,7.3,15.1,1.3,95,0.7,0,0,1,0,0
"17",2017-08-05,15012,18.3,29.3,4.2,74,9.1,0,0,1,0,0
"18",2017-06-14,19159,13.3,25.4,0,24,13,0,0,0,0,0
"19",2017-10-17,18482,7.2,22.9,0,45,9.9,0,0,0,0,0
"20",2017-03-30,15962,7,20.4,0,8,10.8,0,0,0,0,0
"21",2017-10-16,17632,8.1,25.2,0,0,10.4,0,0,0,0,0
"22",2017-12-06,8439,-0.4,2.1,0,100,0,0,0,0,0,0
"23",2017-11-22,12693,4,16.5,0,61,8.4,0,0,0,0,0
"24",2017-12-22,4446,4,6,2.2,98,0,0,0,0,0,0
"25",2017-02-11,4358,-3.8,6.3,0,20,8.4,0,0,1,0,0
"26",2017-04-21,9235,-0.4,11.9,0,33,11.3,0,0,0,0,0
"27",2017-01-20,1786,-11,-2.4,0,1,7.5,0,0,0,0,0
"28",2017-02-13,6743,-1.6,3.4,0,60,2.1,0,0,0,0,0
"29",2017-03-11,6780,-1.4,11.3,0,64,4.9,0,0,1,0,0
"30",2017-05-01,5516,3.4,14.3,17.8,73,4.7,0,0,0,1,0
"31",2017-02-09,6686,-2.1,0.5,0,93,0.6,0,0,0,0,0
"32",2017-06-21,22826,19.9,32.3,0,31,11.2,0,0,0,0,0
"33",2017-01-25,2148,-9.6,-3.9,0,100,0,0,0,0,0,0
"34",2017-09-05,13002,13.6,22.3,0.6,98,2.3,0,0,0,0,0
"35",2017-07-17,21731,14.8,27.5,0,33,11.3,0,0,0,0,0
"36",2017-02-08,6945,-1.4,3.1,0,100,0,0,0,0,0,0
"37",2017-10-25,14995,9,19.2,0,99,6,0,0,0,0,0
"38",2017-10-07,6297,7.3,13.3,1.6,99,1,0,0,1,0,0
"39",2017-06-09,15581,10.2,26.6,3,50,8.6,0,0,0,0,0
"40",2017-01-14,1359,-2.3,2,1.5,90,0.5,0,0,1,0,0
"41",2017-05-10,17694,2.1,17.8,0,3,14.1,0,0,0,0,0
"42",2017-02-14,7621,-4.2,8.3,0,16,7.4,0,0,0,0,0
"43",2017-01-22,622,-13.1,-6.2,0,16,6.8,0,0,0,1,0
"44",2017-07-25,9907,11.9,17.5,25,95,1.3,0,0,0,0,0
"45",2017-08-18,14652,14,22,0,75,5,0,0,0,0,0
"46",2017-07-12,15601,15,26.7,3.8,91,2.6,0,0,0,0,0
"47",2017-04-14,5385,7.6,13.4,0,98,0.5,0,0,0,1,0
"48",2017-09-12,11550,9.9,14.4,5,96,1.6,0,0,0,0,0
"49",2017-11-15,10004,-0.8,2.7,0,95,2.2,0,0,0,0,0
"50",2017-04-13,9223,8.8,14.6,0,91,0.3,0,0,0,0,0
"51",2017-01-13,3686,-1.5,5.4,0.8,94,0,0,0,0,0,0
"52",2017-10-23,10374,6.7,9.9,0,100,0.1,0,0,0,0,0
"53",2017-12-15,7086,1.6,6.1,0.1,68,5.3,0,0,0,0,0
"54",2017-06-25,8626,15.8,23.3,12.8,75,1.5,0,0,0,1,0
"55",2017-10-06,9013,6.1,12.6,6.5,91,3.4,0,0,0,0,0
"56",2017-04-20,6981,-1.3,6.1,0,80,3.2,0,0,0,0,0
"57",2017-03-25,8686,5.4,13.8,0,48,7.6,0,0,1,0,0
"58",2017-01-29,1618,-8.2,8.7,0,0,8.6,0,0,0,1,0
"59",2017-05-21,13465,8.5,19.9,0,44,8.5,0,0,0,1,0
"60",2017-09-09,6484,10.4,19.2,6.4,99,1,0,0,1,0,0
"61",2017-08-09,13238,15.7,23.4,0,98,2.8,0,0,0,0,0
"62",2017-04-18,3590,0.1,5.3,8.3,88,2,0,0,0,0,0
"63",2017-02-02,6705,-0.9,9.2,0,88,2.2,0,0,0,0,0
"64",2017-12-31,2822,3.5,13.5,0.7,73,6.6,0,0,0,1,0
"65",2017-05-29,22303,13.5,31.2,0,28,14.5,0,0,0,0,0
"66",2017-10-14,12567,6.7,20.8,0,14,10.6,0,0,1,0,0
"67",2017-04-12,13978,3.4,18.8,0,65,8.9,0,0,0,0,0
"68",2017-05-25,13468,11.2,20.2,0,44,8.8,0,0,0,1,0
"69",2017-04-28,3793,0.3,3.6,13.5,95,0,0,0,0,0,0
"70",2017-04-17,1771,2.4,8.6,8.4,96,0.4,0,0,0,1,0
"71",2017-03-05,4962,4.5,11,1.1,74,3.3,0,0,0,1,0
"72",2017-08-12,5563,12.1,17.6,0.3,89,0.1,0,0,1,0,0
"73",2017-11-12,1501,2.5,10.3,16.2,95,0,0,0,0,1,0
"74",2017-02-20,7057,3.7,9.6,1.1,93,1.6,0,0,0,0,0
"75",2017-11-01,3746,4,10.2,0,88,0,0,0,0,1,0
"76",2017-12-13,8332,-0.8,5.2,1.8,49,6.7,0,0,0,0,0
"77",2017-05-18,20905,11.1,27.1,0,21,11.6,0,0,0,0,0
"78",2017-12-29,1591,-2,2.2,1.8,73,6.5,0,0,0,0,0
"79",2017-10-09,8378,9.2,12.8,4.2,99,0.1,0,0,0,0,0
"80",2017-05-23,19554,12.6,25.2,0,63,8.7,0,0,0,0,0
"81",2017-10-12,14715,9.8,19.3,0,71,4.9,0,0,0,0,0
"82",2017-06-19,22052,12.6,29.8,0,5,15.3,0,0,0,0,0
"83",2017-02-17,4110,2.3,7.2,10.8,96,0.3,0,0,0,0,0
"84",2017-07-23,10343,16.1,22.6,4.1,94,1,0,0,0,1,0
"85",2017-01-24,2151,-11.4,-7.2,0,96,0,0,0,0,0,0
"86",2017-06-30,17686,14.3,24.1,0,79,7.1,0,0,0,0,0
"87",2017-08-02,19677,18.3,30.7,0.1,75,9.4,0,0,0,0,0
"88",2017-08-13,12262,13.5,24.3,0,54,7.9,0,0,0,1,0
"89",2017-06-12,15383,17.7,27.6,4,80,4.9,0,0,0,0,0
"90",2017-02-12,2472,-2.1,0.2,0,99,0,0,0,0,1,0
"91",2017-01-01,1571,-6.1,2.6,0,36,5.9,0,0,0,1,0
"92",2017-11-04,7983,2,17.7,0,91,4.6,0,0,1,0,0
"93",2017-03-19,4114,8.7,14.4,0,98,0.2,0,0,0,1,0
"94",2017-04-26,5165,1.5,4.9,17.7,99,0,0,0,0,0,0
"95",2017-08-21,13547,10.9,20.5,0,71,6.2,0,0,0,0,0
"96",2017-03-02,6282,3.4,10.7,0.1,58,4.2,0,0,0,0,0
"97",2017-03-27,13176,1.1,17,0,1,12.2,0,0,0,0,0
"98",2017-11-06,7241,3.7,5.6,4.2,96,0,0,0,0,0,0
"99",2017-02-18,3610,-0.6,6.2,0,70,0.3,0,0,1,0,0
"100",2017-08-30,18178,14.3,32.1,0,45,10,0,0,0,0,0
"101",2017-09-03,8197,9.6,16.9,1.7,88,2.7,0,0,0,1,0
"102",2017-09-04,13497,6.9,20.4,0,25,11.8,0,0,0,0,0
"103",2017-08-27,9515,17.1,26.9,1.1,61,4.1,0,0,0,1,0
"104",2017-08-07,19513,11.9,24.2,0,24,12.4,0,0,0,0,0
"105",2017-05-15,13431,9.9,19.3,3.4,70,4.9,0,0,0,0,0
"106",2017-12-10,1548,-4.5,6.5,4.6,94,1.8,0,0,0,1,0
"107",2017-12-05,7871,1.6,4.9,0,99,0,0,0,0,0,0
"108",2017-10-19,17618,7,21.5,0,38,10,0,0,0,0,0
"109",2017-02-22,7620,9.1,12.3,0.1,86,2.3,0,0,0,0,0
"110",2017-05-24,16006,12.4,18.9,0.6,94,2.6,0,0,0,0,0
"111",2017-07-30,13405,17.3,32.1,8.4,90,7.8,0,0,0,1,0
"112",2017-04-10,14993,10.4,23.5,1,31,9.6,0,0,0,0,0
"113",2017-11-21,8890,5.2,10.9,0.2,93,0,0,0,0,0,0
"114",2017-10-10,12312,8.4,14.8,0.1,99,0.9,0,0,0,0,0
"115",2017-03-06,7803,3.6,9.6,1,89,1.5,0,0,0,0,0
"116",2017-12-04,5099,-1.6,2.3,2.1,96,0,0,0,0,0,0
"117",2017-10-20,16352,7.7,23,1.4,64,9.1,0,0,0,0,0
"118",2017-12-16,3160,0.1,3.2,2.6,95,0.3,0,0,1,0,0
"119",2017-05-04,11444,8.2,14.8,1.9,88,2.7,0,0,0,0,0
"120",2017-03-18,2196,7.1,10.2,4.2,96,0,0,0,1,0,0
"121",2017-08-06,6077,13.8,19.4,1,88,0.3,0,0,0,1,0
"122",2017-04-08,13030,4.2,18.7,0,9,11.8,0,0,1,0,0
"123",2017-07-13,24341,13.5,23.1,0,39,12,0,0,0,0,0
"124",2017-01-19,1856,-8.8,-3.5,0,51,4.4,0,0,0,0,0
"125",2017-01-17,1520,-7.9,-3.7,0.1,73,1.6,0,0,0,0,0
"126",2017-06-11,15644,11.6,28.6,0,19,14.9,0,0,0,1,0
"127",2017-07-22,16429,18,29.6,8,81,7.2,0,0,1,0,0
"128",2017-01-31,3184,1.1,6.2,10.1,98,0,0,0,0,0,0
"129",2017-12-23,2979,4.5,7.4,0,85,1.5,0,0,1,0,0
"130",2017-04-09,16107,5.8,22.2,0,4,12.4,0,0,0,1,0
"131",2017-06-23,20494,20.3,32,0,40,7.7,0,0,0,0,0
"132",2017-05-27,14887,10.9,26.3,0,0,15,0,0,1,0,0
"133",2017-03-16,12803,1.3,15.8,0,25,8.6,0,0,0,0,0
"134",2017-01-16,1760,-4.5,-2.3,1.4,98,0,0,0,0,0,0
"135",2017-12-01,5540,-2.3,1.2,0,91,0.7,0,0,0,0,0
"136",2017-01-09,2737,-2.2,-0.1,0,99,0,0,0,0,0,0
"137",2017-02-19,5507,-2.7,8.9,1.1,53,6.8,0,0,0,1,0
"138",2017-04-02,13752,8.3,19.8,0,21,9.8,0,0,0,1,0
"139",2017-05-02,11062,3.8,15.9,0,75,5.9,0,0,0,0,0
"140",2017-06-01,20508,14.8,25.7,0,65,4.8,0,0,0,0,0
"141",2017-12-11,7352,2,10.6,6.5,99,0,0,0,0,0,0
"142",2017-07-26,4437,12.1,14.1,29.3,98,0,0,0,0,0,0
"143",2017-11-23,13173,0.7,16.6,0,94,6.3,0,0,0,0,0
"144",2017-12-30,1237,2,10.5,4.4,98,0,0,0,1,0,0
"145",2017-12-14,6208,1.3,8.2,6.3,93,2.5,0,0,0,0,0
"146",2017-05-20,12434,6.3,17.9,0,53,10.9,0,0,1,0,0
"147",2017-05-06,15153,5.3,22,6.8,46,10.8,0,0,1,0,0
"148",2017-12-09,2991,-2.6,-0.2,0,83,0.5,0,0,1,0,0
"149",2017-09-29,14132,10.5,21.2,0,100,3.7,0,0,0,0,0
"150",2017-08-20,12122,12.1,20.6,0.2,58,9.7,0,0,0,1,0
"151",2017-01-15,658,-3.4,0.5,4.3,96,2,0,0,0,1,0
"152",2017-09-10,4388,9.6,15.3,1.3,85,0.3,0,0,0,1,0
"153",2017-09-08,14313,10.4,20.5,0,54,8.7,0,0,0,0,0
"154",2017-07-14,12898,13,21.9,16.6,86,3.1,0,0,0,0,0
"155",2017-07-20,18053,16.2,29.1,1.9,91,6.2,0,0,0,0,0
"156",2017-12-28,1631,-1,1.5,5.5,96,0,0,0,0,0,0
"157",2017-08-29,17841,14.2,27.9,0,9,12.5,0,0,0,0,0
"158",2017-05-07,3175,9.2,12.7,11.5,99,0,0,0,0,1,0
"159",2017-05-13,10114,12.6,22.4,2.8,70,7.2,0,0,1,0,0
"160",2017-02-10,5861,-2.4,0.3,0,100,0,0,0,0,0,0
"161",2017-10-31,5072,0.3,8.6,0,51,8.3,0,0,0,1,0
"162",2017-06-08,18548,7.2,22.4,0,23,15,0,0,0,0,0
"163",2017-04-27,5046,0.4,4.6,17,98,0,0,0,0,0,0
"164",2017-03-13,10641,-1.4,12,0,48,8,0,0,0,0,0
"165",2017-02-05,3701,1.8,8.2,0,61,4.6,0,0,0,1,0
"166",2017-09-24,8647,8.9,18.8,0,76,5.9,0,0,0,1,0
"167",2017-11-18,4062,2,4.9,1.9,98,0,0,0,1,0,0
"168",2017-06-06,7656,10,17.6,11.1,84,0,0,0,0,0,0
"169",2017-10-22,5119,6.6,12.1,3,96,0.8,0,0,0,1,0
"170",2017-10-15,15159,6.8,21.9,0,0,10.6,0,0,0,1,0
"171",2017-09-14,10373,9.1,20.1,3.8,53,2.6,0,0,0,0,0
"172",2017-04-16,1793,3.3,7.7,5.9,94,0,0,0,0,1,0
"173",2017-07-04,23411,15.2,26.3,0,46,8.1,0,0,0,0,0
"174",2017-03-29,15019,8.8,19.2,0,25,9.9,0,0,0,0,0
"175",2017-12-21,5648,0.8,5.3,9.3,96,0,0,0,0,0,0
"176",2017-07-31,19430,17.1,31.4,0,75,8.9,0,0,0,0,0
"177",2017-07-29,12929,14,28.3,0,60,12.4,0,0,1,0,0
"178",2017-08-17,17352,15.7,28.6,0,74,8.7,0,0,0,0,0
"179",2017-03-21,11081,6.8,14.5,2.1,96,2.2,0,0,0,0,0
"180",2017-01-30,3587,-5.8,7.2,4.1,64,1.3,0,0,0,0,0
"181",2017-04-03,11580,8.6,16.9,2.9,63,1.2,0,0,0,0,0
"182",2017-11-07,8518,4.5,7,0.8,94,0,0,0,0,0,0
"183",2018-03-13,9877,5.4,11.6,0,89,5.7,0,0,0,0,0
"184",2018-03-19,4996,-4.8,-2.4,1.4,94,0,0,0,0,0,0
"185",2018-06-17,11532,14.1,24.2,10.7,89,6.3,0,0,0,1,0
"186",2018-11-24,3568,2.4,7.6,1.1,96,0.3,0,0,1,0,0
"187",2018-04-26,12185,7.4,13.4,0.1,95,1,0,0,0,0,0
"188",2018-12-22,2694,7.6,11.7,8.3,99,0.1,0,0,1,0,0
"189",2018-04-23,15464,13.3,25,0.2,96,5.3,0,0,0,0,0
"190",2018-08-22,16547,16.3,31.5,0,14,13,0,0,0,0,0
"191",2018-05-01,11061,10.4,15.9,0,96,3.5,0,0,0,1,0
"192",2018-03-14,7541,2.4,9.7,1.5,63,4.1,0,0,0,0,0
"193",2018-01-27,4012,4.1,6.4,0,99,0,0,0,1,0,0
"194",2018-02-10,2574,-0.5,2.4,0,98,0,0,0,1,0,0
"195",2018-01-15,8625,-2.5,7.1,0.6,81,4.1,0,0,0,0,0
"196",2018-10-21,9864,3.9,14.5,0,46,7.7,0,0,0,1,0
"197",2018-03-03,2173,-5.1,3.3,0.3,90,3.5,0,0,1,0,0
"198",2018-05-12,15436,11.4,26.4,0,65,10.8,0,0,1,0,0
"199",2018-02-04,2037,-2,2.5,0.5,80,0.7,0,0,0,1,0
"200",2018-03-18,1597,-3.7,-0.7,0,100,0,0,0,0,1,0
"201",2018-04-15,12431,7.7,19.2,0.9,98,3.4,0,0,0,1,0
"202",2018-07-04,21434,16.1,26.9,0.2,86,7.7,0,0,0,0,0
"203",2018-11-23,9062,-0.3,2.5,0,100,0,0,0,0,0,0
"204",2018-06-02,12073,15.2,24.4,0,51,10.9,0,0,1,0,0
"205",2018-01-31,10254,5.6,11.6,0.1,88,5.2,0,0,0,0,0
"206",2018-02-06,7551,-2.5,2.3,0,93,5.4,0,0,0,0,0
"207",2018-09-12,21041,14.2,29.3,0,14,12.1,0,0,0,0,0
"208",2018-08-19,11391,16.6,30.1,0,26,12.7,0,0,0,1,0
"209",2018-01-28,3847,5.6,10.5,0,88,0,0,0,0,1,0
"210",2018-12-17,6080,-2.9,4.2,0.2,98,0.7,0,0,0,0,0
"211",2018-05-28,18801,14.3,29,0,70,12.2,0,0,0,0,0
"212",2018-10-12,17142,11,24.6,0,20,10.3,0,0,0,0,0
"213",2018-05-07,21155,9.8,23.7,0,15,14.3,0,0,0,0,0
"214",2018-10-25,13264,10.1,15.4,0,88,4.3,0,0,0,0,0
"215",2018-03-01,3360,-11.3,-3.9,0,90,1.8,0,0,0,0,0
"216",2018-10-11,17790,8.6,25.1,0,29,10,0,0,0,0,0
"217",2018-12-09,1862,4.2,9.1,15.9,98,0,0,0,0,1,0
"218",2018-09-25,14997,4.2,13.1,0,16,8.8,0,0,0,0,0
"219",2018-04-03,11927,10,22.6,0,100,8,0,0,0,0,0
"220",2018-10-27,2149,3.4,8.8,24.5,95,0,0,0,1,0,0
"221",2018-07-21,5301,16.3,20.3,26,98,0.5,0,0,1,0,0
"222",2018-04-08,16374,4.6,22,0,8,12.1,0,0,0,1,0
"223",2018-10-09,15659,9.9,18.4,0,71,3,0,0,0,0,0
"224",2018-08-29,16380,13.1,29.2,6.9,64,10.4,0,0,0,0,0
"225",2018-02-02,7049,0.8,4.9,0,98,3.8,0,0,0,0,0
"226",2018-12-16,1740,-5.4,3.1,0.8,93,0,0,0,0,1,0
"227",2018-04-27,18391,5.3,22,0,75,13.1,0,0,0,0,0
"228",2018-03-27,6386,2.2,10.1,3,89,4.6,0,0,0,0,0
"229",2018-08-05,12132,21.4,31.9,0,38,11.8,0,0,0,1,0
"230",2018-10-07,8062,11.2,20.9,0,85,1,0,0,0,1,0
"231",2018-10-20,9208,6.3,15.5,0,81,3.4,0,0,1,0,0
"232",2018-04-18,20951,7.1,22.5,0,11,13.1,0,0,0,0,0
"233",2018-09-28,15482,8.6,21.7,0,25,10.7,0,0,0,0,0
"234",2018-09-27,16363,6.1,22.5,0,4,11.6,0,0,0,0,0
"235",2018-08-27,14447,8.3,25.5,0,59,9.9,0,0,0,0,0
"236",2018-07-28,13839,17.1,30,0.5,56,10,0,0,1,0,0
"237",2018-04-07,13123,3.4,20.6,0,0,12.8,0,0,1,0,0
"238",2018-08-12,10526,12,28.8,0,25,13.8,0,0,0,1,0
"239",2018-12-31,1363,2.1,4.6,6.7,94,0,0,0,0,0,0
"240",2018-02-22,4075,-4.1,-1.9,0.3,93,0,0,0,0,0,0
"241",2018-02-25,1502,-10,-4.4,0,11,10,0,0,0,1,0
"242",2018-12-06,9154,4,11.5,0,98,1,0,0,0,0,0
"243",2018-07-18,23583,16,28.2,0,19,13.5,0,0,0,0,0
"244",2018-09-13,15580,15.7,25.3,13.7,88,3.1,0,0,0,0,0
"245",2018-07-20,21584,14.7,29.9,7.1,61,11.5,0,0,0,0,0
"246",2018-03-16,8327,3.8,12.1,0.2,85,3.5,0,0,0,0,0
"247",2018-01-02,3634,3,7.2,3.2,93,0.5,0,0,0,0,0
"248",2018-12-27,3059,-5.4,2,0,94,3.5,0,0,0,0,0
"249",2018-05-11,16242,9.2,21.4,0,75,9.7,0,0,0,0,0
"250",2018-08-21,17207,16.7,29.8,0,10,12.3,0,0,0,0,0
"251",2018-11-11,7418,6,15.8,0,58,5.8,0,0,0,1,0
"252",2018-06-05,24142,15.9,27.9,0,18,13.3,0,0,0,0,0
"253",2018-07-16,14293,15,25.4,0.1,74,7.6,0,0,0,0,0
"254",2018-08-08,20434,18.8,30.4,0,50,11.1,0,0,0,0,0
"255",2018-08-23,13275,19.6,29.9,0.2,73,9.5,0,0,0,0,0
"256",2018-01-01,1896,3.5,8.4,0.1,75,2.1,0,0,0,1,0
"257",2018-06-22,17388,10,17.2,0,33,11.3,0,0,0,0,0
"258",2018-03-24,5903,-0.1,9.8,0,63,11.5,0,0,1,0,0
"259",2018-07-27,23540,16.8,29.8,0,15,13.4,0,0,0,0,0
"260",2018-08-07,17422,20.5,32,0.4,70,6.8,0,0,0,0,0
"261",2018-12-12,6260,-0.4,1.2,0.7,98,0,0,0,0,0,0
"262",2018-04-13,14698,8.2,19.2,0,93,7.8,0,0,0,0,0
"263",2018-09-10,17861,11.3,25.5,0,54,10.9,0,0,0,0,0
"264",2018-06-29,13127,14.6,23.8,0,85,4.3,0,0,0,0,0
"265",2018-06-11,18770,17.1,29.7,2.2,50,9.6,0,0,0,0,0
"266",2018-08-09,17439,17.9,35.1,22.6,69,10.4,0,0,0,0,0
"267",2018-06-12,11805,15.3,24.1,61.7,95,2.2,0,0,0,0,0
"268",2018-06-16,15866,10.7,25.1,0,26,14,0,0,1,0,0
"269",2018-02-18,1085,-3.8,1.3,0,84,0,0,0,0,1,0
"270",2018-07-09,21916,13.3,26.8,0,73,12.5,0,0,0,0,0
"271",2018-06-10,14172,16.9,26.5,0.1,56,11.2,0,0,0,1,0
"272",2018-05-21,14938,10,24.4,0,35,12.1,0,0,0,1,0
"273",2018-09-04,5988,14.2,19.7,11,94,3.1,0,0,0,0,0
"274",2018-08-17,16218,14.5,29,0,36,12.7,0,0,0,0,0
"275",2018-10-10,16703,10.5,20.6,0,41,7.5,0,0,0,0,0
"276",2018-11-03,5132,7.8,10.9,0,100,0,0,0,1,0,0
"277",2018-01-25,9829,2.7,14.4,0,98,5.4,0,0,0,0,0
"278",2018-03-22,6757,-4.7,4.8,1.6,74,6.8,0,0,0,0,0
"279",2018-08-10,7571,13.7,18.6,8.5,83,0.2,0,0,0,0,0
"280",2018-07-22,2760,15.9,18.5,18.1,96,0,0,0,0,1,0
"281",2018-04-14,15118,6.6,20.3,0,66,11.5,0,0,1,0,0
"282",2018-01-03,3079,2.9,14.5,16.9,95,0.2,0,0,0,0,0
"283",2018-06-28,7364,11.6,15.7,20.7,94,0,0,0,0,0,0
"284",2018-05-27,18106,13.8,27,0,93,10.9,0,0,0,1,0
"285",2018-10-04,14619,5.8,17.2,0,11,10,0,0,0,0,0
"286",2018-12-01,4737,3.7,9.6,0,96,2.4,0,0,1,0,0
"287",2018-09-17,18969,14.5,25.8,0,28,11,0,0,0,0,0
"288",2018-07-24,24755,13,28,0,4,14,0,0,0,0,0
"289",2018-11-29,9164,-1.7,2.4,0,95,5.9,0,0,0,0,0
"290",2018-06-30,17005,15,26.7,0,29,12.4,0,0,1,0,0
"291",2018-05-13,11112,12,26.1,10.6,48,10.3,0,0,0,1,0
"292",2018-04-16,7526,11.5,14.8,2.5,96,0.2,0,0,0,0,0
"293",2018-06-21,19966,15.3,29.4,0.7,56,9.1,0,0,0,0,0
"294",2018-12-15,3197,-4.7,-1.8,0,85,0,0,0,1,0,0
"295",2018-12-23,1586,6.6,11.2,16.5,98,0,0,0,0,1,0
"296",2018-01-23,7269,2.6,6.3,0.2,98,0,0,0,0,0,0
"297",2018-06-06,18374,15.6,28.4,3.5,70,9.5,0,0,0,0,0
"298",2018-11-17,5596,0,7.5,0,9,8.4,0,0,1,0,0
"299",2018-09-11,20077,13.9,27.8,0,74,12,0,0,0,0,0
"300",2018-06-13,6539,12.1,15.5,12.6,95,0,0,0,0,0,0
"301",2018-10-30,10809,2,15.5,0,51,1.8,0,0,0,0,0
"302",2018-04-29,16843,10.6,27.8,0,69,12.2,0,0,0,1,0
"303",2018-04-09,16915,8.5,24,0,91,4.9,0,0,0,0,0
"304",2018-10-08,14935,9.4,18.4,0,55,4.2,0,0,0,0,0
"305",2018-12-03,8825,9.8,14.3,1.1,99,1.7,0,0,0,0,0
"306",2018-05-30,17381,16.1,26.9,0,65,10.5,0,0,0,0,0
"307",2018-12-02,2175,3.5,11.9,8.1,98,0.1,0,0,0,1,0
"308",2018-06-18,19158,15.2,23,0,79,6.7,0,0,0,0,0
"309",2018-11-16,10835,0.9,5.5,0,64,3.3,0,0,0,0,0
"310",2018-07-30,22922,18.7,32.3,0,10,12.5,0,0,0,0,0
"311",2018-11-12,14854,3.8,17.7,0,29,9.1,0,0,0,0,0
"312",2018-01-18,4923,0.4,9,10.5,91,3.4,0,0,0,0,0
"313",2018-02-13,4904,-3.7,2.3,0,41,5.4,0,0,0,0,0
"314",2018-11-14,12792,1.8,6.6,0,73,0,0,0,0,0,0
"315",2018-01-29,10349,4.6,13,0,36,9.1,0,0,0,0,0
"316",2018-04-01,1753,3.6,9,0.9,95,1.3,0,0,0,1,0
"317",2018-09-05,17049,12.3,24.7,0,34,11.1,0,0,0,0,0
"318",2018-02-01,5332,0.6,7.9,9.2,95,0,0,0,0,0,0
"319",2018-08-11,12044,12.4,24.7,0,56,12.8,0,0,1,0,0
"320",2018-02-20,4206,-3.1,-1.1,0.3,95,0,0,0,0,0,0
"321",2018-09-03,12151,12.5,19.4,24.5,99,2.9,0,0,0,0,0
"322",2018-11-08,13643,7.4,14.6,0,69,2.4,0,0,0,0,0
"323",2018-08-16,16723,15.3,27.8,0,9,13.5,0,0,0,0,0
"324",2018-05-05,14645,12.4,22.2,0,66,8.6,0,0,1,0,0
"325",2018-11-28,8080,-1.8,1.3,0,84,0,0,0,0,0,0
"326",2018-03-30,4990,1.7,14.6,0.4,78,5.7,0,0,0,1,0
"327",2018-10-02,11983,5.3,11.8,0,95,3.9,0,0,0,0,0
"328",2018-05-29,18199,15.3,27,26.3,96,10.2,0,0,0,0,0
"329",2018-01-21,1793,-1.9,1.8,5.7,93,1.2,0,0,0,1,0
"330",2018-03-20,4394,-5.8,0.9,1.1,93,4.6,0,0,0,0,0
"331",2018-04-25,20069,11.9,24.6,1,68,10.7,0,0,0,0,0
"332",2018-04-11,18651,9,19.5,0,73,10.8,0,0,0,0,0
"333",2018-07-11,19377,12.7,19.8,0,75,6.1,0,0,0,0,0
"334",2018-12-30,1422,0.4,3.9,2.4,98,0,0,0,0,1,0
"335",2018-03-12,7257,7.2,13.3,0,88,4.3,0,0,0,0,0
"336",2018-05-08,22584,11,24.1,0,34,14.2,0,0,0,0,0
"337",2018-02-28,3469,-13.4,-5.9,0,48,9.5,0,0,0,0,0
"338",2018-03-31,2539,3.6,9.2,1,99,0.2,0,0,1,0,0
"339",2018-06-07,15203,14.8,25.3,5.7,93,5.1,0,0,0,0,0
"340",2018-02-27,3435,-11.6,-7.6,0,79,4.7,0,0,0,0,0
"341",2018-12-19,7492,-2.6,4.4,1.6,100,0,0,0,0,0,0
"342",2018-04-24,19305,12.5,22.8,0,91,10.2,0,0,0,0,0
"343",2018-03-05,7539,0.1,8.8,0,100,6,0,0,0,0,0
"344",2018-05-14,13297,13.1,22.1,0,91,3.3,0,0,0,0,0
"345",2018-02-03,2949,-0.6,3,0.7,100,0.2,0,0,1,0,0
"346",2018-10-15,17573,7.5,23.2,0,0,10,0,0,0,0,0
"347",2018-10-19,14490,6.6,17.4,0,51,5,0,0,0,0,0
"348",2018-01-17,5453,-1.2,4,5.3,91,1.8,0,0,0,0,0
"349",2018-12-04,9094,3.9,10.6,2.2,84,0.4,0,0,0,0,0
"350",2018-09-07,9161,14.5,23,2,94,2.6,0,0,0,0,0
"351",2018-02-14,5911,-6.4,2.3,0,4,7.9,0,0,0,0,0
"352",2018-12-29,2472,-2.5,2.3,1.8,91,0.1,0,0,1,0,0
"353",2018-03-07,7903,3.6,9.4,0,96,3.9,0,0,0,0,0
"354",2018-12-20,7825,2.2,8,0,91,5.6,0,0,0,0,0
"355",2018-11-20,10507,-1.1,6.8,0,45,7,0,0,0,0,0
"356",2018-05-16,7148,9.5,13.2,22.3,98,0.2,0,0,0,0,0
"357",2018-10-24,8581,10.2,12.8,3.7,98,0,0,0,0,0,0
"358",2018-08-31,4870,13.3,15.3,20.8,98,0,0,0,0,0,0
"359",2018-05-02,16943,9.1,18.5,0,98,3,0,0,0,0,0
"360",2018-01-05,4803,6.9,12.9,2.7,95,3.4,0,0,0,0,0
"361",2018-03-15,9615,0.4,11.9,2.7,84,4.8,0,0,0,0,0
"362",2018-01-20,2382,0.3,4.1,11.9,96,1.2,0,0,1,0,0
"363",2018-07-02,22640,11,24.5,0,8,15.6,0,0,0,0,0
"364",2018-09-29,8916,5.8,16.2,0,55,8.3,0,0,1,0,0
"365",2019-03-20,11841,-1.4,9.7,0,15,10.3,0,0,0,0,0
"366",2019-01-02,2915,-2.1,3.2,0.6,88,0.7,0,0,0,0,0
"367",2019-11-12,10913,2,6.1,3.8,95,0,0,0,0,0,0
"368",2019-03-10,1982,4.4,14.1,3.2,84,1.5,0,0,0,1,0
"369",2019-02-27,11832,2.1,17.7,0,25,10.5,0,0,0,0,0
"370",2019-08-17,11174,12.7,26.5,0,99,5.1,0,0,1,0,0
"371",2019-10-23,16617,9,16,0,83,4.5,0,0,0,0,0
"372",2019-05-21,4563,10.5,12.3,21.2,94,0,0,0,0,0,0
"373",2019-10-08,13693,7.5,17.9,6.3,98,0.7,0,0,0,0,0
"374",2019-05-12,1785,4.5,7.8,12,94,0,0,0,0,1,0
"375",2019-02-11,3991,0,4.7,6.3,89,0,0,0,0,0,0
"376",2019-05-03,7149,7.3,11,4.7,99,0.1,0,0,0,0,0
"377",2019-08-30,17149,15.4,27.8,0,53,12,0,0,0,0,0
"378",2019-05-13,13786,5.5,14.4,0,81,5.5,0,0,0,0,0
"379",2019-07-12,12152,13.9,21.2,6.9,98,4,0,0,0,0,0
"380",2019-10-21,16421,11.9,20.4,0,94,2.5,0,0,0,0,0
"381",2019-08-26,14036,16.1,27.6,46.1,58,8,0,0,0,0,0
"382",2019-09-21,11690,4.8,21,0,5,12,0,0,1,0,0
"383",2019-06-26,23087,18.2,34.5,0,26,14.7,0,0,0,0,0
"384",2019-03-24,11517,3.3,18.1,0,13,11.1,0,0,0,1,0
"385",2019-10-30,9975,3.6,6.7,1.1,98,0.1,0,0,0,0,0
"386",2019-04-02,16330,3.9,21.3,0,95,9.2,0,0,0,0,0
"387",2019-02-20,9146,5,10,0,99,1.3,0,0,0,0,0
"388",2019-10-29,8008,6,7.6,1.5,99,0,0,0,0,0,0
"389",2019-08-18,13855,18.2,33.2,9.7,38,12.3,0,0,0,1,0
"390",2019-05-19,13951,8.5,23.1,18.8,79,10.7,0,0,0,1,0
"391",2019-01-08,4545,0.8,4.5,3.9,96,0.5,0,0,0,0,0
"392",2019-08-03,9464,14.3,22.5,1.1,76,4.9,0,0,1,0,0
"393",2019-07-08,12242,13.1,18.9,0.9,98,0.8,0,0,0,0,0
"394",2019-11-16,5392,2.3,5.6,0.3,94,0,0,0,1,0,0
"395",2019-04-25,19313,9.8,26.4,0,61,10.5,0,0,0,0,0
"396",2019-08-06,17489,19.1,28.3,0,91,7.1,0,0,0,0,0
"397",2019-11-29,8172,2.3,8.8,3,99,0.1,0,0,0,0,0
"398",2019-06-08,12005,14.5,22.3,0,71,7.5,0,0,1,0,0
"399",2019-04-29,8879,4.8,9.7,9.1,98,0,0,0,0,0,0
"400",2019-09-05,9633,11,16.9,6.4,83,1.4,0,0,0,0,0
"401",2019-10-13,16562,8.8,24.5,0,25,10.3,0,0,0,1,0
"402",2019-10-09,6723,9.1,17.3,12.3,88,0,0,0,0,0,0
"403",2019-04-19,10889,5.5,22.3,0,0,13.5,0,0,0,1,0
"404",2019-06-25,23340,15.7,32.6,0,38,14.8,0,0,0,0,0
"405",2019-01-07,4117,0.7,2.1,2,100,0,0,0,0,0,0
"406",2019-04-22,11106,6.5,23.8,0,78,12.4,0,0,0,1,0
"407",2019-01-27,2213,2.1,7.1,0.4,99,0,0,0,0,1,0
"408",2019-08-29,14510,18.1,26.2,0,85,4,0,0,0,0,0
"409",2019-10-26,12249,6.6,22.1,0,4,9.7,0,0,1,0,0
"410",2019-09-12,19206,12.7,23.6,0,50,9.1,0,0,0,0,0
"411",2019-05-16,13422,4.5,12.1,0,94,0.5,0,0,0,0,0
"412",2019-03-27,7625,1.7,7.5,0.3,99,0.1,0,0,0,0,0
"413",2019-02-14,7718,-1.5,11.3,0,54,8.7,0,0,0,0,0
"414",2019-08-31,13206,15.8,29.7,0,20,12.1,0,0,1,0,0
"415",2019-11-20,11091,1.4,4.3,0,95,0.2,0,0,0,0,0
"416",2019-11-19,12457,0.7,6.1,0,81,1.8,0,0,0,0,0
"417",2019-08-10,8465,18.4,24.2,4.4,90,2,0,0,1,0,0
"418",2019-09-23,7701,11.4,15.5,9.6,98,0,0,0,0,0,0
"419",2019-06-07,19622,10.6,28.1,0,19,14.6,0,0,0,0,0
"420",2019-05-09,14018,7.1,18,0.1,79,8,0,0,0,0,0
"421",2019-09-19,17600,5.4,16.5,0,40,10.9,0,0,0,0,0
"422",2019-07-24,23955,17.6,34.5,0,3,14.7,0,0,0,0,0
"423",2019-11-30,5697,-0.2,5.5,0,75,1.7,0,0,1,0,0
"424",2019-06-24,23525,16.2,28.8,0,23,14.9,0,0,0,0,0
"425",2019-10-27,13343,10.1,22.4,4.9,54,8.5,0,0,0,1,0
"426",2019-09-18,18721,6.7,17.4,0,11,11.7,0,0,0,0,0
"427",2019-06-15,10865,14.1,26.3,0,69,7.8,0,0,1,0,0
"428",2019-12-01,4209,-1,1.8,1.8,98,0,0,0,0,1,0
"429",2019-12-10,10955,-1,4.2,0,53,2.2,0,0,0,0,0
"430",2019-05-20,4686,11.3,14.6,71.2,96,0,0,0,0,0,0
"431",2019-04-09,12567,8.5,16.6,0,95,3.2,0,0,0,0,0
"432",2019-01-04,2206,-1.7,-0.3,5,96,0,0,0,0,0,0
"433",2019-05-08,14441,5.8,17.4,2.1,98,1.4,0,0,0,0,0
"434",2019-12-15,5413,6.1,15.4,0,96,4.2,0,0,0,1,0
"435",2019-05-11,4652,7.4,16.5,12.3,98,0.7,0,0,1,0,0
"436",2019-09-28,8641,12.4,18.1,0,95,4.7,0,0,1,0,0
"437",2019-05-05,4186,2.1,8.1,0.1,98,1.3,0,0,0,1,0
"438",2019-12-11,10706,-3.8,3.5,2.4,80,3.4,0,0,0,0,0
"439",2019-08-28,18263,16.9,30.1,4.4,74,9.8,0,0,0,0,0
"440",2019-04-26,9181,6.3,17.1,4,81,2.6,0,0,0,0,0
"441",2019-07-11,14833,13.5,22.2,4.1,91,2,0,0,0,0,0
"442",2019-03-26,10314,1.2,8.3,1,93,2.7,0,0,0,0,0
"443",2019-08-01,23824,13.4,25.2,0,55,9.5,0,0,0,0,0
"444",2019-07-27,10734,18.8,26.5,2.2,89,4.8,0,0,1,0,0
"445",2019-12-26,2510,1,5.8,1.5,81,4.8,0,0,0,1,0
"446",2019-08-04,16552,13.9,26.2,0,36,12.3,0,0,0,1,0
"447",2019-10-04,8939,4.5,12.6,1,99,0.6,0,0,0,0,0
"448",2019-09-16,19224,14.3,26.9,0.1,75,7.5,0,0,0,0,0
"449",2019-03-28,11485,4.9,12.8,0,99,4.8,0,0,0,0,0
"450",2019-05-30,11859,8.6,19.5,0,63,8.6,0,0,0,1,0
"451",2019-01-03,2949,-3.1,-0.6,0,93,2.9,0,0,0,0,0
"452",2019-10-18,15762,10.9,21,0,98,4.7,0,0,0,0,0
"453",2019-11-11,11500,-0.7,3.5,2.3,99,0.1,0,0,0,0,0
"454",2019-10-25,15634,8.9,18.4,0,78,4.3,0,0,0,0,0
"455",2019-06-13,17767,12.1,24.6,0,24,14.2,0,0,0,0,0
"456",2019-12-27,2276,1.7,4.9,4.9,98,0,0,0,0,0,0
"457",2019-12-17,12461,2.1,15.7,0,93,4.1,0,0,0,0,0
"458",2019-04-21,9388,4.6,23.2,0,0,13.6,0,0,0,1,0
"459",2019-10-15,19460,8.8,23.4,3.5,41,9.7,0,0,0,0,0
"460",2019-04-01,14433,5.3,15.9,0,21,11.3,0,0,0,0,0
"461",2019-07-22,21878,16.3,30,0,64,13.2,0,0,0,0,0
"462",2019-05-02,17506,7.4,21,10.6,48,12.1,0,0,0,0,0
"463",2019-02-13,7137,-0.9,8,0,60,8.5,0,0,0,0,0
"464",2019-10-17,17724,6.1,20.9,0,73,9.4,0,0,0,0,0
"465",2019-02-17,7594,-1.7,17.3,0,26,10.2,0,0,0,1,0
"466",2019-04-10,10881,8,12,1.1,96,0,0,0,0,0,0
"467",2019-05-14,14723,3.2,13.1,0.5,61,9.6,0,0,0,0,0
"468",2019-08-20,7368,12.7,19.3,18.4,96,0,0,0,0,0,0
"469",2019-01-11,1812,-4.1,-1,4.6,98,0,0,0,0,0,0
"470",2019-09-26,13824,12.6,17.9,0.3,96,1.9,0,0,0,0,0
"471",2019-10-14,18605,9.2,23.4,0,18,9.5,0,0,0,0,0
"472",2019-12-16,11500,2.3,8.6,0,98,1.7,0,0,0,0,0
"473",2019-03-22,12122,0.3,16.3,0,39,10.6,0,0,0,0,0
"474",2019-09-13,19078,11.5,25.1,0,25,12,0,0,0,0,0
"475",2019-01-09,3446,-1.5,1.8,15.8,91,0,0,0,0,0,0
"476",2019-02-23,5215,-1.7,5.7,0,31,9.9,0,0,1,0,0
"477",2019-05-26,17264,12.1,21.9,0,65,7.6,0,0,0,1,0
"478",2019-12-08,5754,3.8,12.1,0,96,6.8,0,0,0,1,0
"479",2019-01-31,6555,-3.6,4.2,0,50,7,0,0,0,0,0
"480",2019-08-24,13347,15,27.7,0,53,12.4,0,0,1,0,0
"481",2019-03-13,7693,3.3,10.7,1.1,76,6,0,0,0,0,0
"482",2019-12-04,10720,-2.9,2.8,0,23,8.1,0,0,0,0,0
"483",2019-01-06,729,0.7,1.8,4.7,95,0,0,0,0,1,0
"484",2019-05-01,17204,4.7,18.9,0,10,13.3,0,0,0,1,0
"485",2019-12-06,9673,-3.8,9.7,0.4,54,7.8,0,0,0,0,0
"486",2019-06-28,21622,15.2,28.7,0,0,15.6,0,0,0,0,0
"487",2019-10-12,12979,6.2,24.4,0,43,10.4,0,0,1,0,0
"488",2019-01-25,4049,-4.7,-2.6,0.7,98,1,0,0,0,0,0
"489",2019-12-30,4706,-4.4,6,0,9,8,0,0,0,0,0
"490",2019-02-08,5143,1.7,9.2,0,83,8.3,0,0,0,0,0
"491",2019-02-01,5738,-0.2,2.7,2.9,99,0.5,0,0,0,0,0
"492",2019-08-22,14811,13,20,0,85,4,0,0,0,0,0
"493",2019-02-09,2862,0.8,9.7,0.4,96,5,0,0,1,0,0
"494",2019-02-28,11715,3.3,18.1,1.1,21,10.4,0,0,0,0,0
"495",2019-11-14,12043,-0.3,7.1,0,54,6.8,0,0,0,0,0
"496",2019-06-12,13561,12.8,20,0,88,1.8,0,0,0,0,0
"497",2019-10-31,9445,2.9,6.4,0,100,0,0,0,0,0,0
"498",2019-11-04,12765,8.7,15.1,4.7,70,4.7,0,0,0,0,0
"499",2019-05-10,12323,8.3,16.5,1.2,80,6.1,0,0,0,0,0
"500",2019-07-17,23690,13.3,27.6,0,81,12.9,0,0,0,0,0
"501",2019-05-23,17975,7.6,19.1,0,65,13,0,0,0,0,0
"502",2019-02-24,4378,-3.2,6.5,0,41,6.6,0,0,0,1,0
"503",2019-07-01,15105,18.8,32.9,5.9,83,5.8,0,0,0,0,0
"504",2019-02-10,3467,4.1,15.2,1.8,96,4.3,0,0,0,1,0
"505",2019-03-02,3629,5.2,9.2,0,96,0.2,0,0,1,0,0
"506",2019-10-28,7472,7.2,12.9,3.3,99,0,0,0,0,0,0
"507",2019-03-01,5090,6.2,9.8,3.7,96,0,0,0,0,0,0
"508",2019-03-06,9291,2.9,13.6,0,94,6.2,0,0,0,0,0
"509",2019-11-18,12183,2.8,9.4,0,69,7.4,0,0,0,0,0
"510",2019-05-17,16197,5.5,20.4,0,35,10.6,0,0,0,0,0
"511",2019-12-13,7800,-1.2,6.3,1.5,76,1.6,0,0,0,0,0
"512",2019-12-28,3334,-2.1,2,0,69,3.2,0,0,1,0,0
"513",2019-04-16,15147,2.5,18.7,0,50,10.3,0,0,0,0,0
"514",2019-03-07,7425,7.2,12.6,1,86,3.3,0,0,0,0,0
"515",2019-04-11,11278,4.6,10.9,0,99,0.7,0,0,0,0,0
"516",2019-09-08,2426,8.2,11.4,25.4,98,0,0,0,0,1,0
"517",2019-07-25,23193,20,34.8,0,78,14.4,0,0,0,0,0
"518",2019-03-30,12559,2.7,18.3,0,50,11.9,0,0,1,0,0
"519",2019-12-07,5420,6.4,10.2,0,95,1.5,0,0,1,0,0
"520",2019-11-22,10971,1.4,4.8,0,100,0,0,0,0,0,0
"521",2019-05-04,4962,2.5,14.4,3.2,73,4.5,0,0,1,0,0
"522",2019-07-16,25875,12.8,25,0,36,12.3,0,0,0,0,0
"523",2019-07-10,24032,11,22.3,0,64,14.1,0,0,0,0,0
"524",2019-06-02,15218,12.4,28.1,0,51,15.3,0,0,0,1,0
"525",2019-01-17,6467,1.9,8.3,1,96,1.9,0,0,0,0,0
"526",2019-07-09,29397,12.4,20.8,0,79,8.3,0,0,0,0,0
"527",2019-02-02,2112,0.7,5.9,10.5,100,0,0,0,1,0,0
"528",2019-09-25,14556,12.8,19.6,0.6,98,3.9,0,0,0,0,0
"529",2019-08-25,11905,17.2,28.3,0,83,8.3,0,0,0,1,0
"530",2019-05-28,6466,9.5,14.1,16.4,96,0,0,0,0,0,0
"531",2019-10-16,16676,7.8,17.2,0,31,9.7,0,0,0,0,0
"532",2019-12-23,3967,4.7,6.6,2.5,98,0,0,0,0,0,0
"533",2019-01-20,1822,-8,-1.5,0,75,2.7,0,0,0,1,0
"534",2019-10-10,12056,8.5,13.8,0.6,79,3,0,0,0,0,0
"535",2019-08-07,13101,15.9,25.8,6.5,95,2.2,0,0,0,0,0
"536",2019-08-02,18842,15.8,25.1,2,89,7.9,0,0,0,0,0
"537",2019-12-18,13153,6.3,15.1,0,93,4.1,0,0,0,0,0
"538",2019-11-10,4908,-1.7,1.6,0,83,0,0,0,0,1,0
"539",2019-04-07,11381,5,16.5,0,79,9.1,0,0,0,1,0
"540",2019-08-13,13292,13.2,20.4,7.1,96,3,0,0,0,0,0
"541",2019-07-03,22843,14.7,25,0,64,13.5,0,0,0,0,0
"542",2019-02-05,4214,-3.9,2.5,0,81,5.7,0,0,0,0,0
"543",2019-07-19,19356,16.2,27.9,0,100,6.7,0,0,0,0,0
"544",2019-09-15,16080,11.4,26.5,0,13,11.2,0,0,0,1,0
"545",2019-02-21,9949,4.1,12.8,2,88,4.7,0,0,0,0,0
"546",2019-06-11,11436,13,23.3,0,95,3.2,0,0,0,0,0
"547",2020-10-29,8094,8.9,11.2,15.5,94,0,0,0,0,0,1
"548",2020-03-24,7297,-3.8,5.1,0,0,11.9,1,0,0,0,0
"549",2020-03-07,4753,2.1,6.1,0.3,95,0.6,0,0,1,0,0
"550",2020-12-30,5280,-1,4.6,0,86,0.5,0,1,0,0,0
"551",2020-10-16,6955,6.2,8.9,8.9,94,0,0,0,0,0,1
"552",2020-09-06,7480,13.8,17.9,3.3,96,1,0,0,0,1,1
"553",2020-05-01,7120,8,15.9,8.3,85,2.9,1,0,0,1,0
"554",2020-11-30,10908,-4.3,1.4,0,64,1.8,0,0,0,0,0
"555",2020-06-06,9258,13.3,20.2,16.2,98,0.3,1,0,1,0,1
"556",2020-07-26,11025,16.2,25,4.3,94,3,0,0,0,1,1
"557",2020-06-12,22033,10,27.1,0,8,15.7,1,0,0,0,1
"558",2020-04-21,14748,7.7,19.4,0,58,12.6,1,0,0,0,0
"559",2020-10-12,13962,3.6,8.7,1.5,89,1.7,0,0,0,0,1
"560",2020-12-14,11645,-0.5,7.3,0,84,6.6,0,1,0,0,0
"561",2020-12-13,3208,2.8,5.3,0.5,96,0,0,1,0,1,0
"562",2020-01-13,11020,-0.6,7.2,0,75,2.9,0,0,0,0,0
"563",2020-08-30,3424,11.8,15.3,3.4,98,0.1,0,0,0,1,1
"564",2020-10-30,13292,9,14.7,0,99,0.6,0,0,0,0,1
"565",2020-01-07,8816,-2.1,4.6,1.6,75,0.1,0,0,0,0,0
"566",2020-03-22,3975,-2.3,5.5,0,44,9.1,1,0,0,1,0
"567",2020-03-01,7064,2.8,13.4,3.5,75,5.5,0,0,0,1,0
"568",2020-09-13,17582,13,26.8,0,34,11.5,0,0,0,1,1
"569",2020-12-26,2854,-3.4,1.3,0,59,5.2,0,1,0,1,0
"570",2020-11-20,11418,-1.2,5.8,0,66,3.7,0,0,0,0,0
"571",2020-07-08,25894,12.1,26.7,0,51,12.1,0,0,0,0,1
"572",2020-04-19,16734,10.2,21.2,0,68,9.2,1,0,0,1,0
"573",2020-02-05,8776,-1,2.6,0,78,0.6,0,0,0,0,0
"574",2020-10-08,18444,8.7,17.7,0,88,6.5,0,0,0,0,1
"575",2020-08-12,22896,18,29.9,0,55,11.9,0,0,0,0,1
"576",2020-01-19,2799,-0.8,1.6,1.9,78,0.3,0,0,0,1,0
"577",2020-11-01,4536,5.6,15.6,3.2,96,0,0,0,0,1,0
"578",2020-11-22,8543,-2.8,9.6,0,48,7.9,0,0,0,1,0
"579",2020-03-26,7453,-2.2,7.5,0,61,3.6,1,0,0,0,0
"580",2020-11-24,13017,2.7,6,0,91,2.4,0,0,0,0,0
"581",2020-08-19,20731,14.1,26.1,0,58,11.4,0,0,0,0,1
"582",2020-02-21,10065,2.8,8.9,0,66,9.3,0,0,0,0,0
"583",2020-04-06,14149,3,21.4,0,0,12.7,1,0,0,0,0
"584",2020-09-24,18199,13.4,21.6,10.2,98,4.6,0,0,0,0,1
"585",2020-12-11,9590,-0.6,2.8,0,98,2,0,1,0,0,0
"586",2020-02-25,7791,6.1,11.6,0.2,73,0.2,0,0,0,0,0
"587",2020-02-04,6175,0.9,14,2,94,1.2,0,0,0,0,0
"588",2020-08-29,2601,13.3,15.7,11.9,94,0,0,0,1,0,1
"589",2020-07-25,20738,17.5,26.6,0,73,6.7,0,0,1,0,1
"590",2020-06-15,5592,12.7,14.7,27.2,96,0,1,0,0,0,1
"591",2020-03-27,12131,0.6,17.2,0,48,11.4,1,0,0,0,0
"592",2020-08-04,7051,12.6,14.6,10.3,96,0,0,0,0,0,1
"593",2020-01-01,2649,-2.6,4.9,0,21,7.6,0,0,0,1,0
"594",2020-05-16,16676,2.7,17.7,0,68,12.6,1,0,1,0,0
"595",2020-04-25,19636,9.7,20,0,31,13.2,1,0,1,0,0
"596",2020-09-04,19960,16.4,26.6,0,71,9.8,0,0,0,0,1
"597",2020-03-20,12886,5.5,19.4,16.5,46,9.8,1,0,0,0,0
"598",2020-02-13,9069,1.1,9.8,4.5,94,3.6,0,0,0,0,0
"599",2020-06-24,27295,12.1,24.8,0,21,15.3,0,0,0,0,1
"600",2020-09-07,16608,11.3,18.4,0,86,0.8,0,0,0,0,1
"601",2020-01-12,6026,-3.2,5.1,0,56,7.5,0,0,0,1,0
"602",2020-11-28,5819,-1.7,0.5,0,100,0,0,0,1,0,0
"603",2020-06-01,18938,8.3,22.5,0,16,14.5,1,0,0,1,1
"604",2020-12-01,7021,-3.3,1.7,4.3,94,0,0,0,0,0,0
"605",2020-03-29,3683,1.8,8.6,0.7,91,0.3,1,0,0,1,0
"606",2020-01-08,9675,-1.3,7.2,0,74,0.2,0,0,0,0,0
"607",2020-02-23,3331,6.7,16,10.5,98,0.1,0,0,0,1,0
"608",2020-06-07,2878,8.6,13.6,11,95,0.2,1,0,0,1,1
"609",2020-05-19,24001,9.2,24.4,0,26,12.9,1,0,0,0,0
"610",2020-01-30,10351,2.2,10.5,2.2,86,7.2,0,0,0,0,0
"611",2020-01-09,11894,3.6,14.5,0,96,7.6,0,0,0,0,0
"612",2020-07-12,17797,11,22.4,0,6,14.1,0,0,0,1,1
"613",2020-11-14,13373,4.5,17.1,0,74,8.4,0,0,1,0,0
"614",2020-05-07,21770,4.1,20.4,0,14,14.3,1,0,0,0,0
"615",2020-02-12,8049,1.8,4.9,0.8,84,0.6,0,0,0,0,0
"616",2020-10-04,12713,4.7,17.3,0.7,73,6.5,0,0,0,1,1
"617",2020-02-11,6175,1.6,9.6,2,88,1.4,0,0,0,0,0
"618",2020-04-11,17280,7.9,21,0,25,11.8,1,0,1,0,0
"619",2020-02-29,5922,3.4,16.2,2.5,98,2.1,0,0,1,0,0
"620",2020-04-27,15745,10.2,20.2,0,85,5.3,1,0,0,0,0
"621",2020-11-17,13459,4.4,11.9,0,94,5.6,0,0,0,0,0
"622",2020-07-29,26501,16.1,27,0,44,11.5,0,0,0,0,1
"623",2020-10-19,16436,3.9,12.5,0,63,6.6,0,0,0,0,1
"624",2020-04-14,9681,1.8,8.8,0,49,9.2,1,0,0,0,0
"625",2020-03-02,11239,2.8,9.4,2.1,78,5,0,0,0,0,0
"626",2020-12-16,9267,1,6,0,99,2,0,1,0,0,0
"627",2020-05-11,10029,1.6,19.8,15.3,95,1.1,1,0,0,0,0
"628",2020-03-10,7391,3,10.2,14.7,85,0.1,0,0,0,0,0
"629",2020-02-17,10407,7.2,14.9,0.7,98,3.5,0,0,0,0,0
"630",2020-05-29,17857,7,17.2,0,78,3.9,1,0,0,0,0
"631",2020-02-09,7061,-0.6,14.2,0,53,8.7,0,0,0,1,0
"632",2020-10-10,4094,7.1,13,8.3,90,0,0,0,1,0,1
"633",2020-09-26,3088,6.3,7.7,2.7,98,0,0,0,1,0,1
"634",2020-09-01,9875,11.9,16.8,1.4,100,0.7,0,0,0,0,1
"635",2020-09-18,20260,10,20.4,0,29,7.4,0,0,0,0,1
"636",2020-11-04,9357,7.4,9.3,0.1,98,0,0,0,0,0,0
"637",2020-07-18,16408,11.6,20.6,0,75,2.4,0,0,1,0,1
"638",2020-03-25,7184,-2.9,5.9,0,6,11.5,1,0,0,0,0
"639",2020-11-27,11840,-1.4,4,0,75,6.6,0,0,0,0,0
"640",2020-01-14,12223,-1.1,12.8,0,74,7.5,0,0,0,0,0
"641",2020-01-27,10518,2.6,10.8,0.2,96,5.4,0,0,0,0,0
"642",2020-03-17,11019,7.1,14.1,0,95,1,1,0,0,0,0
"643",2020-01-03,5343,-4.2,8.4,1.9,85,4.2,0,0,0,0,0
"644",2020-11-23,12104,2.7,8.2,0,100,0.3,0,0,0,0,0
"645",2020-03-09,8036,3.6,9.2,1.3,95,1.5,0,0,0,0,0
"646",2020-08-24,17125,14.1,22.8,0,74,4.1,0,0,0,0,1
"647",2020-11-03,6803,8.3,17.3,7.8,96,0,0,0,0,0,0
"648",2020-08-10,21925,15.1,31.4,0,30,13.7,0,0,0,0,1
"649",2020-07-24,20940,16,25.2,0,96,6.7,0,0,0,0,1
"650",2020-02-28,6097,-0.4,5.6,0,80,5.3,0,0,0,0,0
"651",2020-09-03,19997,11,21.9,0,70,9.3,0,0,0,0,1
"652",2020-01-31,9297,8.7,14.2,0,78,2.1,0,0,0,0,0
"653",2020-05-02,5404,5.1,12.4,6.6,83,2.2,1,0,1,0,0
"654",2020-09-27,12430,5,15.6,0,30,11.4,0,0,0,1,1
"655",2020-10-06,13860,9.1,13.6,12.1,98,0.8,0,0,0,0,1
"656",2020-01-24,9436,-3.2,8.7,0,44,7.9,0,0,0,0,0
"657",2020-08-08,18735,15.3,30.2,0,4,13.6,0,0,1,0,1
"658",2020-05-17,21287,5.7,21.2,0,4,14.3,1,0,0,1,0
"659",2020-07-23,25471,16.3,26.7,0,61,8.9,0,0,0,0,1
"660",2020-09-08,22524,10.4,21.5,0,30,8.1,0,0,0,0,1
"661",2020-12-07,10382,0,4.9,0,75,3.8,0,0,0,0,0
"662",2020-06-18,20830,11.8,22.9,0,60,11.1,0,0,0,0,1
"663",2020-07-16,10894,12.9,17.5,20.9,96,0,0,0,0,0,1
"664",2020-03-14,7693,1,10.2,0,89,5.7,0,0,1,0,0
"665",2020-12-25,1262,-0.3,4.2,1.3,98,0,0,1,0,1,0
"666",2020-08-18,14895,16.7,22.1,9,95,2.7,0,0,0,0,1
"667",2020-12-08,10508,-2.3,2.8,0,98,0,0,0,0,0,0
"668",2020-12-02,8665,-3.2,0.5,0,100,0,0,0,0,0,0
"669",2020-04-29,7117,8.8,13.7,5.7,83,1.4,1,0,0,0,0
"670",2020-07-28,22836,18.7,32,2.6,50,9.5,0,0,0,0,1
"671",2020-07-01,24756,14.2,29.8,3.1,53,12.1,0,0,0,0,1
"672",2020-07-31,23753,16.8,32.7,0,0,14.4,0,0,0,0,1
"673",2020-06-22,19501,14.4,23.8,0,81,5.3,0,0,0,0,1
"674",2020-05-30,13844,6.6,17.5,0,66,5.8,1,0,1,0,0
"675",2020-08-05,24201,10,21.9,0,28,11.6,0,0,0,0,1
"676",2020-11-19,10926,4,14,3.2,71,1.5,0,0,0,0,0
"677",2020-09-12,19396,12.3,26,0,8,11.8,0,0,1,0,1
"678",2020-10-25,14242,3.7,17.6,0,44,9.2,0,0,0,1,1
"679",2020-04-20,13203,7.8,18.4,0,78,5.8,1,0,0,0,0
"680",2020-10-22,18372,8.8,17.2,0.2,95,2.5,0,0,0,0,1
"681",2020-01-29,7705,1.1,4.7,2.2,95,1.8,0,0,0,0,0
"682",2020-07-15,15888,14.3,21.4,2.6,99,3.1,0,0,0,0,1
"683",2020-11-29,4587,-1.1,1.5,0,91,0.1,0,0,0,1,0
"684",2020-03-05,8567,0.6,9.4,5.5,84,0.2,0,0,0,0,0
"685",2020-04-22,18130,6.1,21,0,0,13.8,1,0,0,0,0
"686",2020-08-17,14029,18,23.8,0.3,98,2.7,0,0,0,0,1
"687",2020-10-13,14399,4,9.8,0.2,88,0.9,0,0,0,0,1
"688",2020-01-22,9661,-4,0.6,0,91,2.7,0,0,0,0,0
"689",2020-07-04,19760,13.1,25.6,0,30,14.1,0,0,1,0,1
"690",2020-10-11,7723,5.6,9.9,0.4,99,1.3,0,0,0,1,1
"691",2020-04-17,18800,9.2,24.5,0,61,11.4,1,0,0,0,0
"692",2020-02-10,3448,6.4,15.9,10.3,84,1.9,0,0,0,0,0
"693",2020-11-25,13091,0.5,5.4,0,79,4.8,0,0,0,0,0
"694",2020-12-10,9177,0.6,2.1,0,99,0,0,1,0,0,0
"695",2020-12-03,9491,-3,2.8,0,58,3.5,0,0,0,0,0
"696",2020-02-02,2868,7.3,13.2,31.2,98,0.1,0,0,0,1,0
"697",2020-05-04,11813,9.6,17.3,2.2,98,2.8,1,0,0,0,0
"698",2020-07-20,26106,13.4,28,0,41,13.8,0,0,0,0,1
"699",2020-03-23,7053,-4.3,4,0,0,12.1,1,0,0,0,0
"700",2020-11-02,14262,14.5,21.5,0,94,1.7,0,0,0,0,0
"701",2020-12-18,9794,-1.4,7.2,0,54,7.8,0,1,0,0,0
"702",2020-07-21,23789,10.5,27.8,0,70,11,0,0,0,0,1
"703",2020-05-23,5944,8.3,23.2,9.8,98,1.4,1,0,1,0,0
"704",2020-10-24,7722,7.9,14.8,1.6,63,1.4,0,0,1,0,1
"705",2020-05-28,15340,9.2,17.4,0.4,91,3.1,1,0,0,0,0
"706",2020-05-13,8271,5.9,9,5.5,100,0.1,1,0,0,0,0
"707",2020-10-02,17284,9.8,18.4,0,99,0.9,0,0,0,0,1
"708",2020-01-21,10165,-2.9,1.4,0,66,7.6,0,0,0,0,0
"709",2020-12-17,9974,-0.3,8.9,0,63,6.5,0,1,0,0,0
"710",2020-04-08,16104,5.6,22.3,0,3,12.7,1,0,0,0,0
"711",2020-08-20,21501,14.4,30.8,0,41,10.3,0,0,0,0,1
"712",2020-11-16,10051,8.1,13.2,0.3,94,2.6,0,0,0,0,0
"713",2020-04-03,10890,2.5,13.3,0,31,11.1,1,0,0,0,0
"714",2020-05-12,13805,1.9,12.5,1,89,7.9,1,0,0,0,0
"715",2020-07-17,16503,12.6,21.2,0,83,5.8,0,0,0,0,1
"716",2020-12-19,4870,-2.4,0,0,94,0,0,1,1,0,0
"717",2020-01-11,5504,0,5.4,0,85,0.3,0,0,1,0,0
"718",2020-10-15,13455,5.8,7.8,6.4,98,0,0,0,0,0,1
"719",2020-05-09,16390,12.1,26.4,0.6,86,9,1,0,1,0,0
"720",2020-01-10,11372,2.3,11.2,0.9,55,5.6,0,0,0,0,0
"721",2020-02-03,4105,5.9,11.1,34.8,94,0,0,0,0,0,0
"722",2020-01-02,5363,-4.6,4.1,0,30,7.8,0,0,0,0,0
"723",2020-05-03,15250,5.1,15.4,0,81,7.7,1,0,0,1,0
"724",2020-03-16,13966,1.4,17.8,0,40,11.5,1,0,0,0,0
"725",2020-09-23,13451,14.1,20.2,3.1,85,1.1,0,0,0,0,1
"726",2020-12-06,4147,-0.2,4.3,1.2,98,0.3,0,0,0,1,0
"727",2020-02-27,6218,0.5,6.3,6.7,91,1.4,0,0,0,0,0
"728",2020-01-05,3318,-1.3,4.7,0,74,0.4,0,0,0,1,0
"729",2020-03-13,9137,4,11.7,1.6,66,5.9,0,0,0,0,0
"730",2021-07-01,11619,11.6,16.8,3.8,98,0.3,0,0,0,0,1
"731",2021-08-24,10518,12,17.4,0,99,0.4,0,0,0,0,1
"732",2021-08-31,9289,12.7,18.1,3.5,94,2.4,0,0,0,0,1
"733",2021-03-30,18828,3.8,21.8,0,10,12.2,0,1,0,0,0
"734",2021-05-21,10555,7.5,16.9,15.6,96,0.8,0,1,0,0,1
"735",2021-05-20,13957,6.7,15.2,0.6,85,7.1,0,1,0,0,1
"736",2021-02-04,10044,5.3,11.1,0,66,8.1,0,1,0,0,0
"737",2021-01-08,3631,-1.2,1.8,0,99,0.8,0,1,0,0,0
"738",2021-05-10,22224,14.5,30,0,81,9.3,0,1,0,0,0
"739",2021-07-09,10758,13.1,19,6.7,76,3.2,0,0,0,0,1
"740",2021-02-27,8296,0.9,8.1,0,69,1.7,0,1,1,0,0
"741",2021-04-28,19557,4.2,20,0,64,11.7,0,1,0,0,0
"742",2021-07-20,24615,14.3,24.4,0,24,12.8,0,0,0,0,1
"743",2021-08-11,22950,15.1,27.9,0,40,12.2,0,0,0,0,1
"744",2021-06-25,17700,13.9,22.5,0,86,8.5,0,0,0,0,1
"745",2021-08-21,16563,12.9,27.4,1.3,39,12.6,0,0,1,0,1
"746",2021-05-06,9040,5.6,12.1,15.9,94,1.7,0,1,0,0,0
"747",2021-03-12,10159,3.9,10.4,0.2,69,6.4,0,1,0,0,0
"748",2021-05-13,5279,8.4,13,7.2,98,0,0,1,0,1,1
"749",2021-07-02,19259,12.7,22.6,0,65,8.9,0,0,0,0,1
"750",2021-05-15,12290,7.7,16.6,3.2,95,3,0,1,1,0,1
"751",2021-06-16,27769,14,29.6,0,89,15,0,0,0,0,1
"752",2021-06-21,22369,15.6,29.2,35.4,60,11.5,0,0,0,0,1
"753",2021-07-05,20193,13.9,22.4,0,81,5.7,0,0,0,0,1
"754",2021-01-02,3322,-2.9,0.6,0,100,0,0,1,1,0,0
"755",2021-03-25,15864,3.7,16.6,0,70,11.3,0,1,0,0,0
"756",2021-06-29,13904,12.9,26.1,31.4,71,6.7,0,0,0,0,1
"757",2021-02-26,14632,4.6,17,3.7,44,8.6,0,1,0,0,0
"758",2021-06-28,22966,16.9,29.9,7.8,61,13.5,0,0,0,0,1
"759",2021-02-28,10314,-1.1,9,0,0,10.6,0,1,0,1,0
"760",2021-02-10,4124,-8.6,-0.1,6.1,95,0,0,1,0,0,0
"761",2021-03-13,7868,4.5,12.9,4.4,91,1.2,0,1,1,0,0
"762",2021-01-25,2863,-3.6,1.2,13.5,89,0.3,0,1,0,0,0
"763",2021-06-12,20361,16,27,0.3,84,11.7,0,0,1,0,1
"764",2021-08-20,16972,14.5,24.7,0,55,7.8,0,0,0,0,1
"765",2021-01-21,6571,-1.5,14.5,0,88,5,0,1,0,0,0
"766",2021-02-01,5585,-0.4,8.5,1.5,99,0,0,1,0,0,0
"767",2021-08-22,7263,14.7,23.5,12.7,94,2.2,0,0,0,1,1
"768",2021-03-21,3143,-1.7,1.6,0,95,0.1,0,1,0,1,0
"769",2021-01-07,3297,-1,1.5,0,93,1.4,0,1,0,0,0
"770",2021-08-28,5490,10.5,15.6,6,98,2.5,0,0,1,0,1
"771",2021-01-13,4609,-1.2,3.2,1.2,78,2.7,0,1,0,0,0
"772",2021-02-17,7993,1,10.4,0,75,2.4,0,1,0,0,0
"773",2021-02-20,12566,1.5,16.6,0,71,10,0,1,1,0,0
"774",2021-04-25,18277,4.8,15.7,0,31,12.9,0,1,0,1,0
"775",2021-03-15,6855,0.6,4.3,6.1,91,0.7,0,1,0,0,0
"776",2021-06-11,24288,14.7,25.7,0,59,13.9,0,0,0,0,1
"777",2021-05-24,8703,7.8,19.1,7.5,99,0.7,0,1,0,1,1
"778",2021-03-16,7027,0.4,5.1,6,94,0.8,0,1,0,0,0
"779",2021-08-03,16921,12.4,23.2,1.9,86,7.5,0,0,0,0,1
"780",2021-03-29,16449,4.6,19.6,0,80,11.4,0,1,0,0,0
"781",2021-05-11,14607,9.8,18,14.2,96,1.2,0,1,0,0,0
"782",2021-04-04,8747,0.1,11.4,0,10,11.4,0,1,0,1,0
"783",2021-01-22,7252,3.3,13.1,2.8,98,5.9,0,1,0,0,0
"784",2021-03-03,13429,-0.7,12.8,0,91,1.1,0,1,0,0,0
"785",2021-06-09,20350,13.4,25.4,1.2,69,8.7,0,0,0,0,1
"786",2021-05-31,18108,5.8,18.5,0,3,15.4,0,1,0,0,1
"787",2021-07-12,24453,11.9,26.2,0,28,14.1,0,0,0,0,1
"788",2021-01-12,3275,-5,2.4,4.1,94,0,0,1,0,0,0
"789",2021-01-28,2129,1.4,8.5,15.7,95,0,0,1,0,0,0
"790",2021-05-16,11091,6.6,18.2,1.6,79,3.8,0,1,0,1,1
"791",2021-07-06,22191,15.4,31.5,16.5,40,12.6,0,0,0,0,1
"792",2021-07-21,25472,12.8,26,0,0,14.5,0,0,0,0,1
"793",2021-01-18,2710,-0.1,1.8,0.4,95,0,0,1,0,0,0
"794",2021-04-16,12324,-1.6,7.7,0,31,9.3,0,1,0,0,0
"795",2021-08-02,18764,12.6,21.9,1.7,71,9,0,0,0,0,1
"796",2021-03-07,8341,-4.2,9.1,1.6,69,7.2,0,1,0,1,0
"797",2021-07-19,22649,14.8,26.5,0,34,9.7,0,0,0,0,1
"798",2021-07-04,10524,14.7,22.9,11.1,91,2.4,0,0,0,1,1
"799",2021-05-18,11637,8.1,14.5,5.7,96,5.2,0,1,0,0,1
"800",2021-02-25,15529,3.3,20,0,0,9.8,0,1,0,0,0
"801",2021-02-13,1910,-11.3,-3.4,0,0,9.9,0,1,1,0,0
"802",2021-05-04,15182,5.5,17.4,2.9,86,7.5,0,1,0,0,0
"803",2021-05-01,8567,6.5,12.3,24.4,96,0.6,0,1,0,1,0
"804",2021-01-23,3431,-0.3,3.5,0.2,96,1,0,1,1,0,0
"805",2021-03-11,8945,1.9,15.7,7.5,95,1.4,0,1,0,0,0
"806",2021-08-30,4699,12.3,16.1,15.8,96,11,0,0,0,0,1
"807",2021-06-18,25689,16,32.3,0,44,13.9,0,0,0,0,1
"808",2021-08-27,9094,10.7,17.5,5.2,85,2.5,0,0,0,0,1
"809",2021-07-10,20187,11,24.6,3.8,41,14.1,0,0,1,0,1
"810",2021-04-17,7335,0.4,6.9,0.2,96,0.2,0,1,1,0,0
"811",2021-04-08,6906,-0.7,6.5,0,68,4.2,0,1,0,0,0
"812",2021-08-12,22061,15,30,0,28,13.4,0,0,0,0,1
"813",2021-06-24,16402,13.7,23.3,7.8,61,7.9,0,0,0,0,1
"814",2021-08-29,4821,10.4,15.9,21.9,96,2.4,0,0,0,1,1
"815",2021-02-21,12535,0.1,13.4,0,56,10.3,0,1,0,1,0
"816",2021-07-11,9109,13.1,20.5,1.9,68,5.1,0,0,0,1,1
"817",2021-01-04,5526,-1.8,0,0,100,0,0,1,0,0,0
"818",2021-08-08,8197,14.5,19.9,0.3,100,1,0,0,0,1,1
"819",2021-06-14,25826,10.9,25.7,0,0,15.6,0,0,0,0,1
"820",2021-07-25,11857,15.8,23.5,0.2,93,5.1,0,0,0,1,1
"821",2021-06-22,18390,16.3,25.7,46.4,73,7.3,0,0,0,0,1
"822",2021-07-28,14827,16.7,20.4,10.1,89,1.5,0,0,0,0,1
"823",2021-02-24,14479,3,18.6,0,0,8.8,0,1,0,0,0
"824",2021-04-06,5503,-2.9,2.5,2.7,75,4.7,0,1,0,0,0
"825",2021-08-13,18276,18,31.2,0,38,11.8,0,0,0,0,1
"826",2021-06-07,16706,14,23.2,0,89,5.2,0,0,0,0,1
"827",2021-06-08,23007,13.3,25.9,0,85,11.7,0,0,0,0,1
"828",2021-02-07,2925,0.5,3.7,12,98,0,0,1,0,1,0
"829",2021-04-01,16966,10.5,23.3,0.3,65,9.8,0,1,0,0,0
"830",2021-06-23,18630,13.5,25.9,45.9,73,6.2,0,0,0,0,1
"831",2021-03-18,7299,-1.1,4.4,0.8,91,2,0,1,0,0,0
"832",2021-07-07,16579,16.7,20.5,1.8,99,0,0,0,0,0,1
"833",2021-04-23,18475,1.1,15.5,0,1,13.7,0,1,0,0,0
"834",2021-04-24,19211,2.1,18.6,0,56,13.7,0,1,1,0,0
"835",2021-07-15,13348,13.8,19.4,1,95,1.2,0,0,0,0,1
"836",2021-02-11,2979,-10.4,-4.1,0,34,9.1,0,1,0,0,0
"837",2021-08-19,16220,15.2,22.6,0,89,3.7,0,0,0,0,1
"838",2021-05-09,20941,9.4,27.7,0,50,12.8,0,1,0,1,0
"839",2021-04-30,13017,6.6,19.6,9.5,80,6.3,0,1,0,0,0
"840",2021-03-14,2801,0.9,5.8,2.5,88,2.7,0,1,0,1,0
"841",2021-05-05,7396,4.4,12.1,6.9,85,4.3,0,1,0,0,0
"842",2021-04-09,13312,-0.1,17,0,79,7.8,0,1,0,0,0
"843",2021-01-11,4849,-7.9,-4.8,0,94,0,0,1,0,0,0
"844",2021-08-16,7225,11.7,21.8,20.5,88,1.1,0,0,0,0,1
"845",2021-04-10,15582,6.5,17.8,0,91,9.3,0,1,1,0,0
"846",2021-02-18,9745,-0.4,12.9,0,95,7.4,0,1,0,0,0
"847",2021-02-06,7479,3.6,8.2,0,86,0,0,1,1,0,0
"848",2021-05-30,16919,5.7,17.8,0,14,13.4,0,1,0,1,1
"849",2021-07-17,8914,16.3,20.8,6,98,0,0,0,1,0,1
"850",2021-07-27,23000,15.2,26.4,5.9,80,10.3,0,0,0,0,1
"851",2021-03-02,13900,-0.6,14.2,0,0,10.7,0,1,0,0,0
